_id,ADDRESS_POINT_ID,ADDRESS_NUMBER,LINEAR_NAME_FULL,ADDRESS_FULL,POSTAL_CODE,MUNICIPALITY,CITY,CENTRELINE_ID,LO_NUM,LO_NUM_SUF,HI_NUM,HI_NUM_SUF,LINEAR_NAME_ID,WARD_NAME,X,Y,LONGITUDE,LATITUDE,MI_PRINX,OBJECTID,CAPACITY,MULTIMODAL,SEASONAL,SHELTERED,SURFACE,STATUS,LOCATION,NOTES,MAP_CLASS,geometry
5785,51630,5,Bartonville Ave E,5 Bartonville Ave E,M6M 2B1,YORK,Toronto,20112838,5,,,,433,York South-Weston (505),,,,,2876415,1,8,No,No,No,asphalt,Delivered,,No bolt down - in York District,Multi-Bike Rack,"{u'type': u'Point', u'coordinates': (-79.4945826627, 43.6894845939)}"
5786,310564,150,Borough Dr,150 Borough Dr,M1P 4N7,SCARBOROUGH,Toronto,107945,150,,,,7397,Scarborough Centre (2121),,,,,3838259,2,8,Yes,No,No,,Installed,Scarborough Civic Centre,adjacent to civic centre & Square,Multi-Bike Rack,"{u'type': u'Point', u'coordinates': (-79.2572409578, 43.7728105957)}"
5787,367443,71,New Forest Sq,71 New Forest Sq,M1V 2Z6,SCARBOROUGH,Toronto,20050441,71,,,,9497,Scarborough-Agincourt (2222),,,,,1739719,3,8,No,No,No,concrete,Installed,,60m south of Steeles on W side of Kennedy (closest valid address),Multi-Bike Rack,"{u'type': u'Point', u'coordinates': (-79.3074473907, 43.8230331061)}"
5788,379258,95,River Grove Dr,95 River Grove Dr,M1W 3T8,SCARBOROUGH,Toronto,20052191,95,,,,8803,Scarborough-Agincourt (2222),,,,,1926239,4,8,No,No,No,concrete,Installed,,S-W corner of Birchmount & Steeles (closest valid address),Multi-Bike Rack,"{u'type': u'Point', u'coordinates': (-79.317389651, 43.8209470944)}"
5789,394585,24,Victoria Park Ave,24 Victoria Park Ave,M4E 3R9,SCARBOROUGH,Toronto,113274,24,,,,370,Beaches-East York (1919),,,,,2770103,5,8,No,No,No,,Installed,,One 8-bike rack on TTC property,Multi-Bike Rack,"{u'type': u'Point', u'coordinates': (-79.2810262939, 43.675363068)}"
5790,772775,315,Bloor St W,315 Bloor St W,M5S 1A3,former TORONTO,Toronto,1142564,315,,,,458,University-Rosedale (1111),,,,,1591359,6,8,No,No,No,concrete,Installed,,White mark,Multi-Bike Rack,"{u'type': u'Point', u'coordinates': (-79.3985624501, 43.6674469424)}"
5791,772800,398,Bloor St W,398 Bloor St W,M5S 1X4,former TORONTO,Toronto,1142870,398,,,,458,University-Rosedale (1111),,,,,2042974,7,16,No,No,No,asphalt,Approved,,50m north of Bloor,Multi-Bike Rack,"{u'type': u'Point', u'coordinates': (-79.4073484624, 43.6661256152)}"
5792,772833,481,Bloor St W,481 Bloor St W,M5S 1X9,former TORONTO,Toronto,1142870,481,,,,458,University-Rosedale (1111),,,,,1755303,8,8,No,No,No,asphalt,Approved,,bikes face east,Multi-Bike Rack,"{u'type': u'Point', u'coordinates': (-79.4071172093, 43.6657537894)}"
5793,772852,509,Bloor St W,509 Bloor St W,M5S 1Y2,former TORONTO,Toronto,1142919,509,,,,458,University-Rosedale (1111),,,,,2459164,9,8,No,No,No,asphalt,Installed,,in exchange for Borden corral,Multi-Bike Rack,"{u'type': u'Point', u'coordinates': (-79.4083859965, 43.6654609016)}"
5794,772899,612,Bloor St W,612 Bloor St W,M6G 1K7,former TORONTO,Toronto,1143160,612,,,,458,University-Rosedale (1111),,,,,1777979,10,8,No,No,No,concrete,Installed,,,Multi-Bike Rack,"{u'type': u'Point', u'coordinates': (-79.4138388158, 43.66473417)}"
5795,773004,813,Bloor St W,813 Bloor St W,M6G 1L8,former TORONTO,Toronto,30039479,813,,,,458,University-Rosedale (1111),,,,,3302429,11,8,No,No,No,,Installed,,Montrose - Dufferin Streetscaping,Multi-Bike Rack,"{u'type': u'Point', u'coordinates': (-79.4217629458, 43.6625538116)}"
5796,773067,890,Bloor St W,890 Bloor St W,M6G 1M5,former TORONTO,Toronto,1143576,890,,,,458,University-Rosedale (1111),,,,,1811755,12,8,Yes,No,No,concrete,Approved,Ossington TTC,adjacent Bike Share stn - councillor request,Multi-Bike Rack,"{u'type': u'Point', u'coordinates': (-79.425575677, 43.6622248201)}"
5797,773157,1032,Bloor St W,1032 Bloor St W,M6H 1M2,former TORONTO,Toronto,1143789,1032,,,,458,Davenport (909),,,,,2708366,13,8,No,No,No,,Installed,,One 8-bike rack,Multi-Bike Rack,"{u'type': u'Point', u'coordinates': (-79.4316062598, 43.6609569225)}"
5798,773158,1034,Bloor St W,1034 Bloor St W,M6H 1M3,former TORONTO,Toronto,1143821,1034,,,,458,Davenport (909),,,,,2512369,14,5,No,No,No,,Installed,,One 5-bike angled rack,Multi-Bike Rack (Angled),"{u'type': u'Point', u'coordinates': (-79.4319342255, 43.6608848734)}"
5799,773911,122,Bond St,122 Bond St,M5B 1X8,former TORONTO,Toronto,14021112,122,,,,3029,Toronto Centre (1313),,,,,2034865,15,16,No,No,No,marble paver,Installed,,white mark,Multi-Bike Rack,"{u'type': u'Point', u'coordinates': (-79.3791387852, 43.6573781216)}"
5800,773913,137,Bond St,137 Bond St,M5B 1Y2,former TORONTO,Toronto,14021112,137,,,,3029,Toronto Centre (1313),,,,,1862386,16,8,No,No,No,concrete,Installed,,"bikes face east, white mark",Multi-Bike Rack,"{u'type': u'Point', u'coordinates': (-79.3787181688, 43.6578227118)}"
5801,785313,429,College St,429 College St,M5T 1T2,former TORONTO,Toronto,1144402,429,,,,9765,University-Rosedale (1111),,,,,1518130,17,8,No,No,No,concrete,Installed,,5m from info pillar,Multi-Bike Rack,"{u'type': u'Point', u'coordinates': (-79.4072847841, 43.6562832334)}"
5802,785507,802,College St,802 College St,M6G 1C8,former TORONTO,Toronto,1144782,802,,,,9765,University-Rosedale (1111),,,,,1984091,18,8,No,No,No,pavers,Installed,,,Multi-Bike Rack,"{u'type': u'Point', u'coordinates': (-79.4217098647, 43.6548443189)}"
5803,785590,940,College St,940 College St,M6H 1A5,former TORONTO,Toronto,14018364,940,,,,9765,Davenport (909),,,,,2583303,19,8,No,No,No,concrete,Installed,,Councillor request,Multi-Bike Rack,"{u'type': u'Point', u'coordinates': (-79.4266277066, 43.65374298)}"
5804,825934,55,John St,55 John St,M5V 3C6,former TORONTO,Toronto,1146312,55,,,,9747,Spadina-Fort York (1010),,,,,2825729,20,16,No,No,No,,Installed,Metro Hall,at rotunda,Multi-Bike Rack,"{u'type': u'Point', u'coordinates': (-79.3889314921, 43.6461537935)}"
5805,828085,200,King St E,200 King St E,M5A 3W8,former TORONTO,Toronto,1145266,200,,,,3779,Toronto Centre (1313),,,,,2728735,21,16,No,No,No,,Installed,,east side of George north of King in No Parking zone,Multi-Bike Rack,"{u'type': u'Point', u'coordinates': (-79.3701856495, 43.6511004642)}"
5806,828221,150,King St W,150 King St W,M5H 1J9,former TORONTO,Toronto,1145855,150,,,,3780,Spadina-Fort York (1010),,,,,2778660,22,8,Yes,No,No,marble,Installed,King TTC,,Multi-Bike Rack,"{u'type': u'Point', u'coordinates': (-79.3842322746, 43.6482142785)}"
5807,856375,100,Queen St W,100 Queen St W,M5H 2N1,former TORONTO,Toronto,1145216,100,,,,4238,Spadina-Fort York (1010),,,,,4326298,23,40,No,No,No,,Installed,City Hall,Inside parking garage,Multi-Bike Rack,"{u'type': u'Point', u'coordinates': (-79.3836250552, 43.6528221423)}"
5808,856701,686,Queen St W,686 Queen St W,M6J 1E7,former TORONTO,Toronto,1146191,686,,,,4238,Spadina-Fort York (1010),,,,,1824985,24,10,No,No,Yes,,Installed,,on the Euclid boulevard 25m north of Queen,Bike Shelter,"{u'type': u'Point', u'coordinates': (-79.4079437965, 43.6465782036)}"
5809,866475,180,Shaw St,180 Shaw St,M6J 2W5,former TORONTO,Toronto,14018156,180,,,,4388,Spadina-Fort York (1010),,,,,2662860,25,18,No,No,Yes,,Installed,,Queen West Parking Study; Artscape Youngplace,Bike Shelter,"{u'type': u'Point', u'coordinates': (-79.417586261, 43.6468989084)}"
5810,880972,241,Wellington St W,241 Wellington St W,,former TORONTO,Toronto,1146352,241,,,,4652,Spadina-Fort York (1010),,,,,2708750,26,16,No,No,No,concrete,Installed,,"on John St, 50m south of Wellington",Multi-Bike Rack,"{u'type': u'Point', u'coordinates': (-79.3900134102, 43.6449521398)}"
5811,887713,1140,Yonge St,1140 Yonge St,M4W 2L8,former TORONTO,Toronto,1140465,1140,,,,4733,University-Rosedale (1111),,,,,2567776,27,8,No,No,No,concrete,Installed,,west of post box,Multi-Bike Rack,"{u'type': u'Point', u'coordinates': (-79.3910471598, 43.679510244)}"
5812,2767344,5,Bellevue Ave,5 Bellevue Ave,,former TORONTO,Toronto,2767316,5,,,,2983,University-Rosedale (1111),,,,,3835209,28,14,No,No,No,,Proposed,,east side of Augusta at park in P& D,Multi-Bike Rack,"{u'type': u'Point', u'coordinates': (-79.4019219861, 43.6537217166)}"
5813,2854062,522,University Ave,522 University Ave,M5G 1W7,former TORONTO,Toronto,2854059,522,,,,4583,University-Rosedale (1111),,,,,1684029,29,16,No,No,No,concrete,Installed,,adjacent to planters,Multi-Bike Rack,"{u'type': u'Point', u'coordinates': (-79.3893801204, 43.6559184352)}"
5814,3120556,1030,King St W,1030 King St W,M6K 0B4,former TORONTO,Toronto,3155022,1030,,,,3780,Spadina-Fort York (1010),,,,,2290040,30,16,No,No,No,concrete,Installed,,at Strachan  and west at Sleep Country,Multi-Bike Rack,"{u'type': u'Point', u'coordinates': (-79.4157586755, 43.6415808537)}"
5815,6047970,901,King St W,901 King St W,M5V 3H5,former TORONTO,Toronto,14024874,901,,,,3780,Spadina-Fort York (1010),,,,,1560247,31,8,No,No,No,pavers,Installed,,white mark,Multi-Bike Rack,"{u'type': u'Point', u'coordinates': (-79.411246784, 43.6418724328)}"
5816,6292601,3530,Sheppard Ave E,3530 Sheppard Ave E,M1T 3K7,SCARBOROUGH,Toronto,6292597,3530,,,,6698,Scarborough-Agincourt (2222),,,,,2527726,32,8,No,No,No,,Installed,,Mayor's Office request,Multi-Bike Rack,"{u'type': u'Point', u'coordinates': (-79.3030962421, 43.7812077533)}"
5817,6620141,991,Woodbine Ave,991 Woodbine Ave,,former TORONTO,Toronto,14023398,991,,,,391,Beaches-East York (1919),,,,,3167183,33,32,Yes,No,No,concrete,Approved,Woodbine TTC,Awaiting TTC construction (Woodbine Station),Multi-Bike Rack,"{u'type': u'Point', u'coordinates': (-79.3127678973, 43.6864135583)}"
5818,6924847,725,Bathurst St,725 Bathurst St,M5S 2R5,former TORONTO,Toronto,6924827,725,,,,436,University-Rosedale (1111),,,,,2865477,34,14,No,No,No,,Installed,,"On grass, across from CSI/Theatre",Multi-Bike Rack,"{u'type': u'Point', u'coordinates': (-79.4098085572, 43.6627041126)}"
5819,6924850,702,Bathurst St,702 Bathurst St,M5S 2R4,former TORONTO,Toronto,6924849,702,,,,436,University-Rosedale (1111),,,,,2449394,35,14,No,Yes,No,,Installed,,north side of Herrick,Bike Corral,"{u'type': u'Point', u'coordinates': (-79.4105046596, 43.6627422312)}"
5820,7389731,71,Second St,71 Second St,M8V 2X4,ETOBICOKE,Toronto,7389724,71,,,,2447,Etobicoke-Lakeshore (303),,,,,2197834,36,8,No,No,No,concrete,Installed,,0.5m back from limit of concrete,Multi-Bike Rack,"{u'type': u'Point', u'coordinates': (-79.4997662582, 43.6036684224)}"
5821,7466874,516,Glenlake Ave,516 Glenlake Ave,,former TORONTO,Toronto,7466844,516,,,,3546,Parkdale-High Park (404),,,,,3835905,37,8,No,No,No,brick pavers,Installed,,TDSB request for Ursula Franklin Academy,Multi-Bike Rack,"{u'type': u'Point', u'coordinates': (-79.474104822, 43.6561212464)}"
5822,7553263,1186,Queen St W,1186 Queen St W,M6J 1J6,former TORONTO,Toronto,7553262,1186,,,,4238,Davenport (909),,,,,3054362,38,14,No,No,No,,Installed,,"parking stall design; on Northcote, not Queen",Multi-Bike Rack,"{u'type': u'Point', u'coordinates': (-79.4262248353, 43.6429348457)}"
5823,7569577,798,Richmond St W,798 Richmond St W,M6J 3P3,former TORONTO,Toronto,7569576,798,,,,4277,Spadina-Fort York (1010),,,,,1684783,39,24,No,No,No,concrete,Installed,,on Niagara betw tree pits,Multi-Bike Rack,"{u'type': u'Point', u'coordinates': (-79.4098108572, 43.6451297245)}"
5824,7570973,12,Ossington Ave,12 Ossington Ave,M6J 2Y7,former TORONTO,Toronto,7570969,12,,,,4125,Spadina-Fort York (1010),,,,,3040336,40,5,No,No,No,concrete,Installed,,1m south of bus stop,Multi-Bike Rack (Angled),"{u'type': u'Point', u'coordinates': (-79.4193781682, 43.6444593301)}"
5825,7641979,21,Gerrard St E,21 Gerrard St E,,former TORONTO,Toronto,7641994,21,,,,3495,Toronto Centre (1313),,,,,3168834,41,16,No,No,No,concrete,Installed,,White mark,Multi-Bike Rack,"{u'type': u'Point', u'coordinates': (-79.3810999114, 43.6591625171)}"
5826,10924257,83,Gould St,83 Gould St,,former TORONTO,Toronto,10924256,83,,,,3563,Toronto Centre (1313),,,,,2526316,42,8,No,No,No,brick pavers,Approved,,On hold,Multi-Bike Rack,"{u'type': u'Point', u'coordinates': (-79.3766028005, 43.6583472609)}"
5827,7642554,277,Victoria St,277 Victoria St,M5B 1W2,former TORONTO,Toronto,30075808,277,,,,9790,Toronto Centre (1313),,,,,4096749,43,8,No,No,No,concrete,Installed,,,Multi-Bike Rack,"{u'type': u'Point', u'coordinates': (-79.3793385702, 43.6565589128)}"
5828,7730077,400,Yonge St,400 Yonge St,,former TORONTO,Toronto,7730098,400,,,,4733,University-Rosedale (1111),,,,,3176699,44,8,No,No,No,concrete,Installed,,white mark,Multi-Bike Rack,"{u'type': u'Point', u'coordinates': (-79.3826468223, 43.6595417671)}"
5829,7730108,350,Victoria St,350 Victoria St,M5B 2K3,former TORONTO,Toronto,30060911,350,,,,9790,Toronto Centre (1313),,,,,3802769,45,8,No,No,No,pavers,Installed,,white mark,Multi-Bike Rack,"{u'type': u'Point', u'coordinates': (-79.380479826, 43.6577656355)}"
5830,7792268,595,Bay St,595 Bay St,M5G 2C2,former TORONTO,Toronto,7792266,595,,,,2962,University-Rosedale (1111),,,,,2103912,46,8,No,No,No,concrete,Installed,,adjacent to planter,Multi-Bike Rack,"{u'type': u'Point', u'coordinates': (-79.3832978279, 43.6562124477)}"
5831,7792587,790,Bay St,790 Bay St,M5G 1N8,former TORONTO,Toronto,7792579,790,,,,2962,University-Rosedale (1111),,,,,2383398,47,8,No,No,No,pavers,Installed,,,Multi-Bike Rack,"{u'type': u'Point', u'coordinates': (-79.3861750845, 43.6604459644)}"
5832,7929475,357,Bay St,357 Bay St,M5H 2T7,former TORONTO,Toronto,7929469,357,,,,2962,Toronto Centre (1313),,,,,2561155,48,8,No,No,No,concrete,Installed,,white mark,Multi-Bike Rack,"{u'type': u'Point', u'coordinates': (-79.3808769999, 43.6508344042)}"
5833,7929674,200,King St W,200 King St W,M5H 3T4,former TORONTO,Toronto,7929673,200,,,,3780,Spadina-Fort York (1010),,,,,1684104,49,8,Yes,No,No,marble,Installed,King TTC,,Multi-Bike Rack,"{u'type': u'Point', u'coordinates': (-79.3857204176, 43.6479052738)}"
5834,7939998,10,Linnsmore Cres,10 Linnsmore Cres,M4J 4J6,former TORONTO,Toronto,14023269,10,,,,11375,Toronto-Danforth (1414),,,,,2047844,50,8,Yes,No,No,concrete,Installed,Greenwood TTC,just south of doors,Multi-Bike Rack,"{u'type': u'Point', u'coordinates': (-79.3302921709, 43.6825720317)}"
5835,7939998,10,Linnsmore Cres,10 Linnsmore Cres,M4J 4J6,former TORONTO,Toronto,14023269,10,,,,11375,Toronto-Danforth (1414),,,,,2047844,51,10,Yes,No,No,concrete,Installed,Greenwood TTC,,Multi-Bike Rack,"{u'type': u'Point', u'coordinates': (-79.3302921709, 43.6825720317)}"
5836,7994464,40,High Park Ave,40 High Park Ave,M6P 2S1,former TORONTO,Toronto,7994458,40,,,,3660,Parkdale-High Park (404),,,,,2146844,52,20,Yes,No,Yes,,Installed,High Park TTC,"Public Realm project,  Installed at back of walk",Bike Shelter,"{u'type': u'Point', u'coordinates': (-79.4663681355, 43.6547112224)}"
5837,8292528,666,Queen St E,666 Queen St E,M4M 1G8,former TORONTO,Toronto,8292524,666,,,,4237,Toronto-Danforth (1414),,,,,4093504,53,8,No,No,No,concrete,Installed,,,Multi-Bike Rack,"{u'type': u'Point', u'coordinates': (-79.3515005143, 43.6586988939)}"
5838,8312904,1595,Dupont St,1595 Dupont St,M6P 3S8,former TORONTO,Toronto,8312902,1595,,,,3343,Davenport (909),,,,,2446517,54,8,No,No,No,pavers,Installed,,restaurant request,Multi-Bike Rack,"{u'type': u'Point', u'coordinates': (-79.4542193056, 43.6649358894)}"
5839,8344816,87,Front St E,87 Front St E,M5E 1B8,former TORONTO,Toronto,8344810,87,,,,3471,Toronto Centre (1313),,,,,3006161,55,14,No,Yes,No,,Installed,,"lay-by on south side, c. Market St - BIA in favour",Bike Corral,"{u'type': u'Point', u'coordinates': (-79.3722000573, 43.6487470958)}"
5840,8353493,266,King St E,266 King St E,M5A 1K3,former TORONTO,Toronto,8353517,266,,,,3779,Toronto Centre (1313),,,,,2593639,56,8,No,No,No,concrete,Installed,,,Multi-Bike Rack,"{u'type': u'Point', u'coordinates': (-79.3663420506, 43.6519627217)}"
5841,8408498,2,Bloor St W,2 Bloor St W,M4W 3E2,former TORONTO,Toronto,10759265,2,,,,458,University-Rosedale (1111),,,,,2772524,57,8,Yes,No,No,concrete,Installed,Bloor-Yonge TTC,north of post-and-rings on Yonge at Cumberland Terrace entrance,Multi-Bike Rack,"{u'type': u'Point', u'coordinates': (-79.3872300479, 43.670400436)}"
5842,8408615,12,Madison Ave,12 Madison Ave,M5R 2S1,former TORONTO,Toronto,30104520,12,,,,3896,University-Rosedale (1111),,,,,4281523,58,8,Yes,No,No,concrete,Installed,,,Multi-Bike Rack,"{u'type': u'Point', u'coordinates': (-79.4033213403, 43.6677591999)}"
5843,8408616,14,Madison Ave,14 Madison Ave,M5R 2S1,former TORONTO,Toronto,30104520,14,,,,3896,University-Rosedale (1111),,,,,4281541,59,8,Yes,No,No,concrete,TBD,,107m N of Bloor,Multi-Bike Rack,"{u'type': u'Point', u'coordinates': (-79.4033717235, 43.6678664664)}"
5844,8416837,692,Bloor St W,692 Bloor St W,M6G 1L4,former TORONTO,Toronto,8416823,692,,,,458,University-Rosedale (1111),,,,,1543974,60,16,Yes,No,No,concrete,Installed,,,Multi-Bike Rack,"{u'type': u'Point', u'coordinates': (-79.4174332539, 43.6639772448)}"
5845,8416838,693,Bloor St W,693 Bloor St W,M6G 1L5,former TORONTO,Toronto,8416823,693,,,,458,University-Rosedale (1111),,,,,2916406,61,8,No,No,No,concrete,Installed,,,Multi-Bike Rack,"{u'type': u'Point', u'coordinates': (-79.4173511984, 43.6635409715)}"
5846,8416907,675,Bloor St W,675 Bloor St W,M6G 1L3,former TORONTO,Toronto,8416891,675,,,,458,University-Rosedale (1111),,,,,2602654,62,48,No,No,No,asphalt,Installed,,3 racks moved from Wood St for Bike Share relocation,Multi-Bike Rack,"{u'type': u'Point', u'coordinates': (-79.416253855, 43.6638062345)}"
5847,8417835,1,Albany Ave,1 Albany Ave,M5R 3C2,former TORONTO,Toronto,14014600,1,,,,2859,University-Rosedale (1111),,,,,2322513,63,8,No,No,No,asphalt,TBD,,,Multi-Bike Rack,"{u'type': u'Point', u'coordinates': (-79.4099385909, 43.6657201947)}"
5848,9212592,275,Cherry St,275 Cherry St,M5A 3L3,former TORONTO,Toronto,14066690,275,,,,3154,Toronto-Danforth (1414),,,,,2417310,64,8,No,No,No,brick paver,TBD,,Determine if needed,Multi-Bike Rack,"{u'type': u'Point', u'coordinates': (-79.3523310914, 43.6455974145)}"
5849,9468140,20,Northcote Ave,20 Northcote Ave,,former TORONTO,Toronto,14018614,20,,,,4070,Davenport (909),,,,,2647569,65,10,No,No,Yes,,Installed,,"on the boulevard, 40m north of Queen",Bike Shelter,"{u'type': u'Point', u'coordinates': (-79.4264347477, 43.6431255581)}"
5850,9879850,483,Bay St,483 Bay St,M5G 2C9,former TORONTO,Toronto,9879849,483,,,,2962,Toronto Centre (1313),,,,,2475636,66,8,No,No,No,concrete,Approved,,white mark east of bike parking,Multi-Bike Rack,"{u'type': u'Point', u'coordinates': (-79.3820471151, 43.6537501401)}"
5851,9980057,1978,Queen St E,1978 Queen St E,M4L 1H8,former TORONTO,Toronto,9980046,1978,,,,4237,Beaches-East York (1919),,,,,1766950,67,8,No,No,No,concrete,Installed,,To replace P&R (2),Multi-Bike Rack,"{u'type': u'Point', u'coordinates': (-79.3011363155, 43.669972861)}"
5852,9980658,449,Parliament St,449 Parliament St,M5A 3A3,former TORONTO,Toronto,14023933,449,,,,4162,Toronto Centre (1313),,,,,2211932,68,8,No,No,No,concrete,Installed,,adjacent to south side of No Frills,Multi-Bike Rack,"{u'type': u'Point', u'coordinates': (-79.3671626415, 43.6635065844)}"
5853,10034904,953,Gerrard St E,953 Gerrard St E,M4M 1Z4,former TORONTO,Toronto,30107057,953,,,,3495,Toronto-Danforth (1414),,,,,4297754,69,16,No,No,No,concrete,Installed,,,Multi-Bike Rack,"{u'type': u'Point', u'coordinates': (-79.339396983, 43.6680536711)}"
5854,10180172,621,King St W,621 King St W,M5V 1M5,former TORONTO,Toronto,14674278,621,,,,3780,Spadina-Fort York (1010),,,,,3037504,70,8,No,No,No,concrete,Installed,,east side of planter,Multi-Bike Rack,"{u'type': u'Point', u'coordinates': (-79.401149846, 43.644002883)}"
5855,10222755,511,King St W,511 King St W,M5V 2Z4,former TORONTO,Toronto,10222754,511,,,,3780,Spadina-Fort York (1010),,,,,2243171,71,8,No,No,No,concrete,Installed,,west of main door,Multi-Bike Rack,"{u'type': u'Point', u'coordinates': (-79.3978494175, 43.6446235513)}"
5856,10223670,441,King St W,441 King St W,M5V 1K4,former TORONTO,Toronto,10223667,441,,,,3780,Spadina-Fort York (1010),,,,,3339643,72,8,No,No,No,concrete,Installed,,,Multi-Bike Rack,"{u'type': u'Point', u'coordinates': (-79.3956715229, 43.6451488397)}"
5857,10223676,468,King St W,468 King St W,M5V 1L8,former TORONTO,Toronto,10223667,468,,,,3780,Spadina-Fort York (1010),,,,,2696110,73,8,No,No,No,concrete,Installed,,west of main door,Multi-Bike Rack,"{u'type': u'Point', u'coordinates': (-79.3959267185, 43.6455450875)}"
5858,10223683,500,King St W,500 King St W,M5V 1L9,former TORONTO,Toronto,10223667,500,,,,3780,Spadina-Fort York (1010),,,,,2680137,74,8,No,No,No,concrete,Installed,,,Multi-Bike Rack,"{u'type': u'Point', u'coordinates': (-79.396805138, 43.6453156558)}"
5859,10258457,40,Orchard View Blvd,40 Orchard View Blvd,M4R 1B9,former TORONTO,Toronto,10258454,40,,,,4111,Eglinton-Lawrence (808),,,,,3006674,75,8,No,No,No,concrete,Installed,,Public Library,Multi-Bike Rack,"{u'type': u'Point', u'coordinates': (-79.4000640485, 43.7082699051)}"
5860,10334643,12,Emerson Ave,12 Emerson Ave,M6H 3S8,former TORONTO,Toronto,14012771,12,,,,3396,Davenport (909),,,,,2196073,76,14,Yes,Yes,No,,Installed,,west side of Emerson at subway lay-by,Bike Corral,"{u'type': u'Point', u'coordinates': (-79.4413132922, 43.6593829779)}"
5861,10335151,695,Lansdowne Ave,695 Lansdowne Ave,M6H 3Y9,former TORONTO,Toronto,14012788,695,,,,3814,Davenport (909),,,,,3219969,77,8,Yes,No,No,,Installed,Lansdowne TTC,Councillor request,Multi-Bike Rack,"{u'type': u'Point', u'coordinates': (-79.4428104295, 43.6591290436)}"
5862,10386594,743,Pape Ave,743 Pape Ave,M4K 3T1,former TORONTO,Toronto,10386591,743,,,,280,Toronto-Danforth (1414),,,,,2293016,78,32,Yes,No,No,,Installed,Pape TTC,Four 8-bike racks on TTC property,Multi-Bike Rack,"{u'type': u'Point', u'coordinates': (-79.3450123848, 43.679887324)}"
5863,10430677,2000,Yonge St,2000 Yonge St,M4S 1Z7,former TORONTO,Toronto,10430667,2000,,,,4733,Toronto-St. Paul's (1212),,,,,2078078,79,8,No,No,No,concrete,Installed,,on Glebe Rd W.,Multi-Bike Rack,"{u'type': u'Point', u'coordinates': (-79.3973815441, 43.7004743322)}"
5864,10494377,222,Spadina Ave,222 Spadina Ave,M5T 3B3,former TORONTO,Toronto,10494181,222,,,,4426,Spadina-Fort York (1010),,,,,2882926,80,16,No,No,No,concrete,Installed,,,Multi-Bike Rack,"{u'type': u'Point', u'coordinates': (-79.397837765, 43.6509286639)}"
5865,10537872,175,Mount Olive Dr,175 Mount Olive Dr,M9V 2E3,ETOBICOKE,Toronto,30108313,175,,,,2145,Etobicoke North (101),,,,,4305375,81,32,No,No,No,,Installed,,four 8-bike racks TDSB install at Smithfield M.S.,Multi-Bike Rack,"{u'type': u'Point', u'coordinates': (-79.5957518765, 43.7500111297)}"
5866,10576714,892,College St,892 College St,M6H 1A4,former TORONTO,Toronto,10576713,892,,,,9765,Davenport (909),,,,,1858675,82,8,No,No,No,concrete,Installed,,,Multi-Bike Rack,"{u'type': u'Point', u'coordinates': (-79.425391839, 43.6540125358)}"
5867,10576975,834,College St,834 College St,M6H 1A2,former TORONTO,Toronto,10576972,834,,,,9765,Davenport (909),,,,,2335698,83,8,No,No,No,concrete,Installed,,,Multi-Bike Rack,"{u'type': u'Point', u'coordinates': (-79.422924276, 43.654491445)}"
5868,10576992,860,College St,860 College St,M6H 1A2,former TORONTO,Toronto,10576972,860,,,,9765,Davenport (909),,,,,2883544,84,8,No,No,No,brick pavers,Installed,,,Multi-Bike Rack,"{u'type': u'Point', u'coordinates': (-79.4238539128, 43.6544574848)}"
5869,10736597,362,Bloor St W,362 Bloor St W,M5S 1X2,former TORONTO,Toronto,10736589,362,,,,458,University-Rosedale (1111),,,,,1777874,85,8,Yes,No,No,concrete,Installed,Spadina TTC,,Multi-Bike Rack,"{u'type': u'Point', u'coordinates': (-79.4057839572, 43.6665134282)}"
5870,10736616,513,Bloor St W,513 Bloor St W,M5S 1Y4,former TORONTO,Toronto,10736609,513,,,,458,University-Rosedale (1111),,,,,3012709,86,8,No,No,No,asphalt,Approved,,at end of parking box/ on hold,Multi-Bike Rack,"{u'type': u'Point', u'coordinates': (-79.408787723, 43.6654264507)}"
5871,10736643,19,Spadina Rd,19 Spadina Rd,M5R 2S9,former TORONTO,Toronto,14239870,19,,,,4428,University-Rosedale (1111),,,,,2216427,87,16,Yes,No,No,,TBD,Spadina TTC,TPA Lot #231 property,Multi-Bike Rack,"{u'type': u'Point', u'coordinates': (-79.4040401596, 43.6679326402)}"
5872,10864283,28,Duncan St,28 Duncan St,,former TORONTO,Toronto,14036084,28,,,,3331,Spadina-Fort York (1010),,,,,1684105,88,14,No,Yes,No,,Installed,,opposite OCADU building,Bike Corral,"{u'type': u'Point', u'coordinates': (-79.3892098796, 43.6487811931)}"
5873,10864312,61,Front St W,61 Front St W,M5J 1E5,former TORONTO,Toronto,10864309,61,,,,3472,Spadina-Fort York (1010),,,,,2850404,89,72,Yes,No,No,,Installed,Union GO,indoor and outdoor,Multi-Bike Rack,"{u'type': u'Point', u'coordinates': (-79.3800700536, 43.6452454057)}"
5874,10906649,720,Bay St,720 Bay St,M5G 2K1,former TORONTO,Toronto,10906644,720,,,,2962,University-Rosedale (1111),,,,,2413629,90,8,No,No,No,pavers,Installed,,,Multi-Bike Rack,"{u'type': u'Point', u'coordinates': (-79.3854849355, 43.6588371126)}"
5875,11075760,95,Front St E,95 Front St E,M5E 1C2,former TORONTO,Toronto,11075761,95,,,,3471,Toronto Centre (1313),,,,,1977101,91,8,No,No,No,,Installed,,"St Lawrence Mkt renos: angled rack reclaimed for lack of use, one 8-bike",Multi-Bike Rack,"{u'type': u'Point', u'coordinates': (-79.3714937128, 43.6491812588)}"
5876,11180397,49,Givins St,49 Givins St,M6J 2X5,former TORONTO,Toronto,11180398,49,,,,3505,Spadina-Fort York (1010),,,,,3038912,92,8,No,No,No,,Installed,,Queen West Study,Multi-Bike Rack,"{u'type': u'Point', u'coordinates': (-79.4175842924, 43.6464076573)}"
5877,11272519,1560,Yonge St,1560 Yonge St,M4T 2S9,former TORONTO,Toronto,14242419,1560,,,,4733,Toronto-St. Paul's (1212),,,,,2325615,93,8,No,No,No,concrete,Installed,,on Delisle,Multi-Bike Rack,"{u'type': u'Point', u'coordinates': (-79.3951269012, 43.689678353)}"
5878,11272587,2180,Yonge St,2180 Yonge St,M4S 2B9,former TORONTO,Toronto,14230407,2180,,,,4733,Toronto-St. Paul's (1212),,,,,2232065,94,8,Yes,No,No,concrete,Proposed,Eglinton TTC,on sidewalk over subway track,Multi-Bike Rack,"{u'type': u'Point', u'coordinates': (-79.3982471385, 43.7046384672)}"
5879,11462071,245,Church St,245 Church St,,former TORONTO,Toronto,11462072,245,,,,503,Toronto Centre (1313),,,,,1511565,95,8,No,No,No,Concrete,Approved,,Pink marks,Multi-Bike Rack,"{u'type': u'Point', u'coordinates': (-79.3773887817, 43.6576414017)}"
5880,12107167,490,Bloor St W,490 Bloor St W,M5S 1X8,former TORONTO,Toronto,12107157,490,,,,458,University-Rosedale (1111),,,,,3012691,96,8,No,No,No,asphalt,Installed,,,Multi-Bike Rack,"{u'type': u'Point', u'coordinates': (-79.4097622063, 43.665628341)}"
5881,12107174,537,Bloor St W,537 Bloor St W,M5S 1Y5,former TORONTO,Toronto,12107157,537,,,,458,University-Rosedale (1111),,,,,3012694,97,8,No,No,No,asphalt,Approved,,at end of parking box/ on hold,Multi-Bike Rack,"{u'type': u'Point', u'coordinates': (-79.4096694708, 43.6652219654)}"
5882,12427667,665,Lawrence Ave W,665 Lawrence Ave W,,NORTH YORK,Toronto,12427668,665,,,,732,Eglinton-Lawrence (808),,,,,3128291,98,8,Yes,No,No,concrete,Approved,Lawrence West TTC,north side entrance,Multi-Bike Rack,"{u'type': u'Point', u'coordinates': (-79.4441078551, 43.7157840453)}"
5883,12562241,375,St Clair Ave W,375 St Clair Ave W,,former TORONTO,Toronto,30076115,375,,,,890,Toronto-St. Paul's (1212),,,,,4103980,99,20,Yes,No,Yes,,Installed,St Clair West TTC,"Public Realm project,  Installed at back of walk",Bike Shelter,"{u'type': u'Point', u'coordinates': (-79.4143290305, 43.6836946285)}"
5884,13968174,38,Orchard View Blvd,38 Orchard View Blvd,M4R 2G3,former TORONTO,Toronto,10258454,38,,,,4111,Eglinton-Lawrence (808),,,,,2210418,100,8,No,No,No,interlock,Installed,,,Multi-Bike Rack,"{u'type': u'Point', u'coordinates': (-79.3996801446, 43.7082167133)}"
5885,13991066,584,Bloor St W,584 Bloor St W,M6G 1K4,former TORONTO,Toronto,8353520,584,,,,458,University-Rosedale (1111),,,,,1661356,101,8,Yes,No,No,brick pavers,Installed,Bathurst TTC,,Multi-Bike Rack,"{u'type': u'Point', u'coordinates': (-79.4126936122, 43.6651006727)}"
5886,13991178,213,Delaware Ave,213 Delaware Ave,M6H 2T4,former TORONTO,Toronto,20033433,213,,,,3283,Davenport (909),,,,,2874672,102,5,Yes,No,No,,Installed,Ossington TTC,One 5-bike angled rack on TTC property,Multi-Bike Rack (Angled),"{u'type': u'Point', u'coordinates': (-79.4278708182, 43.6620573991)}"
5887,14120392,736,Bay St,736 Bay St,M5G 2M4,former TORONTO,Toronto,7792579,736,,,,2962,University-Rosedale (1111),,,,,2058168,103,8,No,No,No,pavers,Installed,,,Multi-Bike Rack,"{u'type': u'Point', u'coordinates': (-79.3856470368, 43.6593434836)}"
5888,14171704,300,Victoria St,300 Victoria St,,former TORONTO,Toronto,30075809,300,,,,9790,Toronto Centre (1313),,,,,4096755,104,8,No,No,No,concrete,Installed,,white mark,Multi-Bike Rack,"{u'type': u'Point', u'coordinates': (-79.3802376739, 43.6575126332)}"
5889,14188604,826,Yonge St,826 Yonge St,M4W 2H1,former TORONTO,Toronto,8677490,826,,,,4733,University-Rosedale (1111),,,,,2008928,105,8,No,No,No,concrete,Proposed,,north of post-and-rings on Yonge,Multi-Bike Rack,"{u'type': u'Point', u'coordinates': (-79.3873920393, 43.671208852)}"
5890,14199241,11,Charlotte St,11 Charlotte St,M5V 0M6,former TORONTO,Toronto,14025593,11,,,,3147,Spadina-Fort York (1010),,,,,4094529,106,8,No,No,No,pavers,Installed,,Councillor request,Multi-Bike Rack,"{u'type': u'Point', u'coordinates': (-79.3936698785, 43.6463778424)}"
5891,14206623,2198,Yonge St,2198 Yonge St,M4S 2B8,former TORONTO,Toronto,14230407,2198,,,,4733,Toronto-St. Paul's (1212),,,,,2862848,107,16,Yes,No,No,concrete,Installed,Eglinton TTC,,Multi-Bike Rack,"{u'type': u'Point', u'coordinates': (-79.3984238947, 43.7058827894)}"
5892,14207146,205,Spadina Ave,205 Spadina Ave,M5T 2C7,former TORONTO,Toronto,10494196,205,,,,4426,Spadina-Fort York (1010),,,,,2071735,108,16,No,No,No,,Installed,,lay-by,Bike Corral,"{u'type': u'Point', u'coordinates': (-79.3966190322, 43.6504254363)}"
5893,14210057,896,Danforth Ave,896 Danforth Ave,M4J 1L9,former TORONTO,Toronto,7930789,896,,,,86,Toronto-Danforth (1414),,,,,1720587,109,16,No,No,No,concrete,Approved,,Pink marks/approved for 2 racks,Multi-Bike Rack,"{u'type': u'Point', u'coordinates': (-79.33926907, 43.6802527581)}"
5894,14210930,1036,Bloor St W,1036 Bloor St W,M6H 1M3,former TORONTO,Toronto,1143821,1036,,,,458,Davenport (909),,,,,1894655,110,8,No,No,No,,Installed,,Montrose - Dufferin streetscaping,Multi-Bike Rack,"{u'type': u'Point', u'coordinates': (-79.4319383641, 43.6608213174)}"
5895,14210933,5,Salem Ave,5 Salem Ave,M6H 3C2,former TORONTO,Toronto,14011464,5,,,,4354,Davenport (909),,,,,2071514,111,8,No,No,No,,Installed,,Montrose - Dufferin streetscaping,Multi-Bike Rack,"{u'type': u'Point', u'coordinates': (-79.4315601024, 43.6608451251)}"
5896,14211049,5,Walmer Rd,5 Walmer Rd,,former TORONTO,Toronto,10759044,5,,,,940,University-Rosedale (1111),,,,,2071516,112,8,Yes,No,No,concrete,Installed,Spadina TTC,,Multi-Bike Rack,"{u'type': u'Point', u'coordinates': (-79.4053783829, 43.6667025083)}"
5897,14659357,350,King St W,350 King St W,M5V 3X5,former TORONTO,Toronto,10458506,350,,,,3780,Spadina-Fort York (1010),,,,,1604772,113,14,No,No,No,,Installed,,P&D adjacent to Bell Lightbox bike parking,Multi-Bike Rack,"{u'type': u'Point', u'coordinates': (-79.3904508904, 43.6466460322)}"
5898,20040470,65,Dundas St W,65 Dundas St W,M5G 2C3,former TORONTO,Toronto,7762832,65,,,,558,Toronto Centre (1313),,,,,2304022,114,32,No,No,No,concrete,Installed,,,Multi-Bike Rack,"{u'type': u'Point', u'coordinates': (-79.3830072852, 43.6555937759)}"
5899,20111213,22,Fort York Blvd,22 Fort York Blvd,M5V 3Z2,former TORONTO,Toronto,20035046,22,,,,15826,Spadina-Fort York (1010),,,,,1988105,115,8,No,No,No,concrete,Installed,,Moved from 351 Bremner Blvd to supermarket,Multi-Bike Rack,"{u'type': u'Point', u'coordinates': (-79.3941963993, 43.6405581342)}"
5900,20140670,101,Sherbourne St,101 Sherbourne St,M5A 2R3,former TORONTO,Toronto,1144819,101,,,,4391,Toronto Centre (1313),,,,,2211089,116,8,No,No,No,concrete,Installed,,,Multi-Bike Rack,"{u'type': u'Point', u'coordinates': (-79.3689116973, 43.6536621558)}"
5901,20362129,163,Dan Leckie Way,163 Dan Leckie Way,M5V 4A8,former TORONTO,Toronto,20364648,163,,,,17007,Spadina-Fort York (1010),,,,,3819492,117,8,No,No,No,concrete,Installed,,south side planter,Multi-Bike Rack,"{u'type': u'Point', u'coordinates': (-79.3980686082, 43.6400541998)}"
5902,20364714,82,Fort York Blvd,82 Fort York Blvd,M5V 4A6,former TORONTO,Toronto,30036751,82,,,,15826,Spadina-Fort York (1010),,,,,3792847,118,8,No,No,No,pavers,Installed,,,Multi-Bike Rack,"{u'type': u'Point', u'coordinates': (-79.3967708309, 43.6400217735)}"
5903,20364734,157,Dan Leckie Way,157 Dan Leckie Way,M5V 4A8,former TORONTO,Toronto,20364648,157,,,,17007,Spadina-Fort York (1010),,,,,3819491,119,8,No,No,No,concrete,Installed,,south side planter,Multi-Bike Rack,"{u'type': u'Point', u'coordinates': (-79.3980055327, 43.6398931179)}"
5904,30015516,150,Dan Leckie Way,150 Dan Leckie Way,M5V 0C9,former TORONTO,Toronto,20364648,150,,,,17007,Spadina-Fort York (1010),,,,,4336398,120,8,No,No,No,concrete,Installed,,adjacent to central planter,Multi-Bike Rack,"{u'type': u'Point', u'coordinates': (-79.3984418013, 43.6396291899)}"
5905,30018521,60,Carlton St,60 Carlton St,M5B 1J2,former TORONTO,Toronto,14023522,60,,,,3116,Toronto Centre (1313),,,,,3326675,121,8,No,No,No,concrete,Installed,,rack is already there: bolt down,Multi-Bike Rack,"{u'type': u'Point', u'coordinates': (-79.3800330023, 43.6620609424)}"
5906,30019115,35D,Bathurst St,35D Bathurst St,M5V 2P2,former TORONTO,Toronto,8457361,35,D,,,436,Spadina-Fort York (1010),,,,,3017563,122,8,No,No,No,brick pavers,Installed,,,Multi-Bike Rack,"{u'type': u'Point', u'coordinates': (-79.4017249691, 43.6422257158)}"
5907,30025064,78,Tecumseth St,78 Tecumseth St,M5V 0A9,former TORONTO,Toronto,20053421,78,,,,4534,Spadina-Fort York (1010),,,,,3274602,123,8,No,No,No,concrete,Installed,,at south side of publication boxes,Multi-Bike Rack,"{u'type': u'Point', u'coordinates': (-79.4054414222, 43.6430480473)}"
5908,30028624,539,Parliament St,539 Parliament St,M4X 1P7,former TORONTO,Toronto,9980335,539,,,,4162,Toronto Centre (1313),,,,,3215110,124,8,No,No,No,brick pavers,Installed,,,Multi-Bike Rack,"{u'type': u'Point', u'coordinates': (-79.3684723714, 43.6660407872)}"
5909,30033362,992,College St,992 College St,M6H 1A7,former TORONTO,Toronto,7531273,992,,,,9765,Davenport (909),,,,,3269927,125,8,No,No,No,granite,Approved,,no mark,Multi-Bike Rack,"{u'type': u'Point', u'coordinates': (-79.4284417019, 43.6533514907)}"
5910,30033825,636,Queen St E,636 Queen St E,M4M 1G3,former TORONTO,Toronto,11585489,636,,,,4237,Toronto-Danforth (1414),,,,,3272256,126,8,No,No,No,concrete,Installed,,,Multi-Bike Rack,"{u'type': u'Point', u'coordinates': (-79.3525953502, 43.6584322328)}"
5911,30035742,44,Lisgar St,44 Lisgar St,,former TORONTO,Toronto,14024655,44,,,,3859,Davenport (909),,,,,3277255,127,8,No,No,No,concrete,Installed,,eastern border of Lisgar Park,Multi-Bike Rack,"{u'type': u'Point', u'coordinates': (-79.4234411857, 43.6420865352)}"
5912,30035743,36,Lisgar St,36 Lisgar St,M6J 0C7,former TORONTO,Toronto,14024655,36,,,,3859,Davenport (909),,,,,3277451,128,8,No,No,No,concrete,Installed,,ignore markings to south,Multi-Bike Rack,"{u'type': u'Point', u'coordinates': (-79.4233157461, 43.6417386471)}"
5913,30038007,47,Lower River St,47 Lower River St,M5A 0G1,former TORONTO,Toronto,30037989,47,,,,19546,Toronto Centre (1313),,,,,3296643,129,24,No,No,No,Concrete/interlock,Installed,,,Multi-Bike Rack,"{u'type': u'Point', u'coordinates': (-79.3555410508, 43.656498597)}"
5914,30039986,92,Fort York Blvd,92 Fort York Blvd,M5V 4A7,former TORONTO,Toronto,30036751,92,,,,15826,Spadina-Fort York (1010),,,,,3303574,130,8,No,No,No,pavers,Installed,,,Multi-Bike Rack,"{u'type': u'Point', u'coordinates': (-79.3969681695, 43.6399814003)}"
5915,30069161,35,York St,35 York St,M5J 0C7,former TORONTO,Toronto,13975053,35,,,,4735,Spadina-Fort York (1010),,,,,3833298,131,30,No,No,No,,Installed,,indoor and outdoor,Multi-Bike Rack (Angled),"{u'type': u'Point', u'coordinates': (-79.3814651014, 43.6437906732)}"
5916,30072958,1190,Dundas St E,1190 Dundas St E,M4M 0C5,former TORONTO,Toronto,7576995,1190,,,,3334,Toronto-Danforth (1414),,,,,4071796,132,8,No,No,No,concrete,Installed,,east side of planter,Multi-Bike Rack,"{u'type': u'Point', u'coordinates': (-79.3410336332, 43.6652675256)}"
5917,30085026,60,Lisgar St,60 Lisgar St,,former TORONTO,Toronto,14024655,60,,,,3859,Davenport (909),,,,,4160009,133,8,No,No,No,concrete,Installed,,eastern border of Lisgar Park,Multi-Bike Rack,"{u'type': u'Point', u'coordinates': (-79.4236170997, 43.6424141049)}"
5918,10154425,1,St Clair Ave E,1 St Clair Ave E,M4T 2V7,former TORONTO,Toronto,10154405,1,,,,339,Toronto-St. Paul's (1212),,,,,2847275,134,8,Yes,No,No,concrete,Installed,St Clair TTC,,Multi-Bike Rack,"{u'type': u'Point', u'coordinates': (-79.3935708744, 43.6879111568)}"
5919,856375,100,Queen St W,100 Queen St W,M5H 2N1,former TORONTO,Toronto,1145216,100,,,,4238,Spadina-Fort York (1010),,,,,4326298,135,40,No,No,No,,Installed,City Hall,,Multi-Bike Rack,"{u'type': u'Point', u'coordinates': (-79.3836250552, 43.6528221423)}"
5920,856375,100,Queen St W,100 Queen St W,M5H 2N1,former TORONTO,Toronto,1145216,100,,,,4238,Spadina-Fort York (1010),,,,,4326298,136,40,No,No,No,,Installed,City Hall,,Multi-Bike Rack,"{u'type': u'Point', u'coordinates': (-79.3836250552, 43.6528221423)}"
5921,8408498,2,Bloor St W,2 Bloor St W,M4W 3E2,former TORONTO,Toronto,10759265,2,,,,458,University-Rosedale (1111),,,,,2772524,137,24,Yes,No,No,concrete,Installed,Bloor-Yonge TTC,,Multi-Bike Rack,"{u'type': u'Point', u'coordinates': (-79.3872300479, 43.670400436)}"
5922,14171704,300,Victoria St,300 Victoria St,,former TORONTO,Toronto,30075809,300,,,,9790,Toronto Centre (1313),,,,,4096755,138,8,No,No,No,concrete,Installed,,,Multi-Bike Rack,"{u'type': u'Point', u'coordinates': (-79.3802376739, 43.6575126332)}"
5923,14171704,300,Victoria St,300 Victoria St,,former TORONTO,Toronto,30075809,300,,,,9790,Toronto Centre (1313),,,,,4096755,139,8,No,No,No,concrete,Installed,,,Multi-Bike Rack,"{u'type': u'Point', u'coordinates': (-79.3802376739, 43.6575126332)}"
5924,14171704,300,Victoria St,300 Victoria St,,former TORONTO,Toronto,30075809,300,,,,9790,Toronto Centre (1313),,,,,4096755,140,8,No,No,No,concrete,Installed,,,Multi-Bike Rack,"{u'type': u'Point', u'coordinates': (-79.3802376739, 43.6575126332)}"
5925,7641709,26,Dundas St E,26 Dundas St E,M5B 2L6,former TORONTO,Toronto,7641747,26,,,,3334,Toronto Centre (1313),,,,,3191929,141,8,No,No,,concrete,Installed,front of walk,"bikes face east, temporary for construction",Multi-Bike Rack,"{u'type': u'Point', u'coordinates': (-79.3799775246, 43.6565175761)}"
5926,10476750,432,Queen St W,432 Queen St W,M5V 2A8,former TORONTO,Toronto,10476749,432,,,,4238,Spadina-Fort York (1010),,,,,2506480,142,8,No,No,,concrete,Approved,back of walk,,Multi-Bike Rack,"{u'type': u'Point', u'coordinates': (-79.3986303358, 43.6485021072)}"
5927,10476770,535,Queen St W,535 Queen St W,M5V 2B4,former TORONTO,Toronto,10476749,535,,,,4238,Spadina-Fort York (1010),,,,,2896759,143,8,No,No,,concrete,Approved,back of walk,"bikes face east, on 'patio' area",Multi-Bike Rack,"{u'type': u'Point', u'coordinates': (-79.3994405382, 43.6479215867)}"
5928,10476744,577,Queen St W,577 Queen St W,M5V 2B6,former TORONTO,Toronto,14035954,577,,,,4238,Spadina-Fort York (1010),,,,,1545270,144,8,No,No,,concrete,Approved,boulevard,,Multi-Bike Rack,"{u'type': u'Point', u'coordinates': (-79.4012041364, 43.6475959429)}"
5929,8031478,6,Denison Ave,6 Denison Ave,M5T 2M4,former TORONTO,Toronto,14020795,6,,,,3287,Spadina-Fort York (1010),,,,,2989294,145,8,No,No,,concrete,Approved,boulevard,,Multi-Bike Rack,"{u'type': u'Point', u'coordinates': (-79.4008703417, 43.6481285977)}"
5930,845809,60,Murray St,60 Murray St,M5T 3L9,former TORONTO,Toronto,1144428,60,,,,4037,University-Rosedale (1111),,,,,2290088,146,8,No,No,,concrete,Approved,back of walk,part of re-org of Mt Sinai H. parking,Multi-Bike Rack,"{u'type': u'Point', u'coordinates': (-79.3916755977, 43.6578863393)}"
5931,772910,624,Bloor St W,624 Bloor St W,M6G 1K7,former TORONTO,Toronto,1143160,624,,,,458,University-Rosedale (1111),,,,,2242898,147,5,No,No,,concrete,Installed,front of walk,angled rack adjacent tree box,Multi-Bike Rack,"{u'type': u'Point', u'coordinates': (-79.4143421803, 43.6646335443)}"
5932,772936,656,Bloor St W,656 Bloor St W,M6G 1K9,former TORONTO,Toronto,1143206,656,,,,458,University-Rosedale (1111),,,,,2942115,148,5,No,No,,concrete,Approved,front of walk,angled rack adjacent tree box,Multi-Bike Rack (Angled),"{u'type': u'Point', u'coordinates': (-79.4156143632, 43.6643796536)}"
5933,8416907,675,Bloor St W,675 Bloor St W,M6G 1L3,former TORONTO,Toronto,8416891,675,,,,458,University-Rosedale (1111),,,,,2602654,149,8,No,No,,asphalt,Installed,boulevard,moved fr Wood St for Bike Share relocate,Multi-Bike Rack,"{u'type': u'Point', u'coordinates': (-79.416253855, 43.6638062345)}"
5934,37440,998,Woodbine Ave,998 Woodbine Ave,M4C 4C1,EAST YORK,Toronto,1789,998,,,,391,Beaches-East York (1919),,,,,1535595,150,8,Yes,No,,concrete,Approved,back of walk,bikes face north at subway access,Multi-Bike Rack,"{u'type': u'Point', u'coordinates': (-79.313530664, 43.686538546)}"
5935,7553175,1184,Queen St W,1184 Queen St W,M6J 1J5,former TORONTO,Toronto,7553178,1184,,,,4238,Davenport (909),,,,,2956109,151,14,No,Yes,No,,Installed,,3 posts,Bike Corral,"{u'type': u'Point', u'coordinates': (-79.4257846968, 43.6430284992)}"
5936,8293016,1485,Dupont St,1485 Dupont St,M6P 3S2,former TORONTO,Toronto,14013265,1485,,,,3343,Davenport (909),,,,,4160513,152,14,No,Yes,No,,Proposed,,,Bike Corral,"{u'type': u'Point', u'coordinates': (-79.4501905748, 43.6657993325)}"
5937,14069353,192,Spadina Ave,192 Spadina Ave,M5T 2C2,former TORONTO,Toronto,10494196,192,,,,4426,Spadina-Fort York (1010),,,,,1871353,153,14,No,Yes,No,,Proposed,,3 posts,Bike Corral,"{u'type': u'Point', u'coordinates': (-79.3976488984, 43.6499378952)}"
5938,854435,50,Portland St,50 Portland St,M5V 2M7,former TORONTO,Toronto,14025624,50,,,,9780,Spadina-Fort York (1010),,,,,4254740,154,14,No,Yes,No,,Installed,,,Bike Corral,"{u'type': u'Point', u'coordinates': (-79.3999654357, 43.6433952592)}"
5939,30035793,92,Sudbury St,92 Sudbury St,M6J 0C5,former TORONTO,Toronto,7553518,92,,,,4502,Davenport (909),,,,,4328917,155,14,No,Yes,No,,Installed,,councillor request,Bike Corral,"{u'type': u'Point', u'coordinates': (-79.4231656377, 43.6413458973)}"
5940,828085,200,King St E,200 King St E,M5A 3W8,former TORONTO,Toronto,1145266,200,,,,3779,Toronto Centre (1313),,,,,2728735,156,14,No,Yes,No,,Installed,,east side of George north of King in No Parking zone,Bike Corral,"{u'type': u'Point', u'coordinates': (-79.3701856495, 43.6511004642)}"
5941,30088196,10,Liberty St,10 Liberty St,M6K 1A5,former TORONTO,Toronto,7553393,10,,,,3847,Spadina-Fort York (1010),,,,,4164518,157,8,No,No,,concrete,Approved,front of walk,straight rack,Multi-Bike Rack,"{u'type': u'Point', u'coordinates': (-79.419906672, 43.6386435443)}"
5942,7929399,121,King St W,121 King St W,M5H 3T9,former TORONTO,Toronto,7929394,121,,,,3780,Spadina-Fort York (1010),,,,,2321542,158,5,No,No,,pavers,Approved,front of walk,angled rack,Multi-Bike Rack (Angled),"{u'type': u'Point', u'coordinates': (-79.3829847674, 43.6476845202)}"
5943,7929479,141,Adelaide St W,141 Adelaide St W,M5H 3L5,former TORONTO,Toronto,7929478,141,,,,2852,Spadina-Fort York (1010),,,,,1855409,159,8,No,No,,granite,Proposed,front of walk,for King St pilot,Multi-Bike Rack,"{u'type': u'Point', u'coordinates': (-79.384410447, 43.6489559551)}"
5944,7929404,150,York St,150 York St,M5H 3S5,former TORONTO,Toronto,7929403,150,,,,4735,Spadina-Fort York (1010),,,,,2045337,160,5,No,No,,concrete,Proposed,front of walk,angled rack adjacent tree box,Multi-Bike Rack (Angled),"{u'type': u'Point', u'coordinates': (-79.3845937899, 43.6496799218)}"
5945,8676901,151,Yonge St,151 Yonge St,M5C 2W7,former TORONTO,Toronto,8676900,151,,,,4733,Toronto Centre (1313),,,,,2197930,161,5,No,No,,concrete,Approved,front of walk,angled rack adjacent tree box,Multi-Bike Rack (Angled),"{u'type': u'Point', u'coordinates': (-79.3784968736, 43.6514779808)}"
5946,14204767,157,Adelaide St W,157 Adelaide St W,M5H 4E7,former TORONTO,Toronto,7929478,157,,,,2852,Spadina-Fort York (1010),,,,,2268248,162,8,No,No,,concrete,Approved,back of walk,Request from Street Furniture,Multi-Bike Rack,"{u'type': u'Point', u'coordinates': (-79.3850607472, 43.6488103116)}"
5947,877900,181,University Ave,181 University Ave,M5H 2X7,former TORONTO,Toronto,1145635,181,,,,4583,Spadina-Fort York (1010),,,,,1917050,163,5,No,No,,concrete,Proposed,front of walk,angled rack,Multi-Bike Rack (Angled),"{u'type': u'Point', u'coordinates': (-79.3851943078, 43.6492184326)}"
5948,7929597,22,Duncan St,22 Duncan St,M5H 3G8,former TORONTO,Toronto,7929624,22,,,,3331,Spadina-Fort York (1010),,,,,3015504,164,8,No,No,,concrete,Approved,front of walk,straight rack,Multi-Bike Rack,"{u'type': u'Point', u'coordinates': (-79.3887847803, 43.6479860859)}"
5949,12763910,263,Adelaide St W,263 Adelaide St W,M5H 1Y2,former TORONTO,Toronto,12763900,263,,,,2852,Spadina-Fort York (1010),,,,,2150387,165,5,No,No,,concrete,Approved,front of walk,angled rack,Multi-Bike Rack (Angled),"{u'type': u'Point', u'coordinates': (-79.3894769208, 43.647833689)}"
5950,14606355,30,Adelaide St E,30 Adelaide St E,M5C 3G8,former TORONTO,Toronto,8313387,30,,,,2851,Toronto Centre (1313),,,,,3006210,166,5,No,No,,concrete,Approved,front of walk,angled rack,Multi-Bike Rack (Angled),"{u'type': u'Point', u'coordinates': (-79.3768638205, 43.6510113402)}"
5951,9947960,339,George St,339 George St,M5A 2N2,former TORONTO,Toronto,30073975,339,,,,9743,Toronto Centre (1313),,,,,4083034,167,5,No,No,,concrete,Approved,front of walk,angled rack adjacent tree box,Multi-Bike Rack (Angled),"{u'type': u'Point', u'coordinates': (-79.3742619566, 43.6599474628)}"
5952,828038,50,King St E,50 King St E,M5C 1E5,former TORONTO,Toronto,1145520,50,,,,3779,Toronto Centre (1313),,,,,3006364,168,5,No,No,,concrete,Approved,front of walk,angled rack,Multi-Bike Rack (Angled),"{u'type': u'Point', u'coordinates': (-79.3762416345, 43.6497660862)}"
5953,30084097,531,Adelaide St W,531 Adelaide St W,M5V 0N8,former TORONTO,Toronto,10223941,531,,,,2852,Spadina-Fort York (1010),,,,,4159374,169,5,No,No,,pavers,Approved,front of walk,angled rack,Multi-Bike Rack (Angled),"{u'type': u'Point', u'coordinates': (-79.4023931702, 43.6452154907)}"
5954,30066955,551,Adelaide St W,551 Adelaide St W,M5V 0N8,former TORONTO,Toronto,10223941,551,,,,2852,Spadina-Fort York (1010),,,,,3828840,170,5,No,No,,pavers,Proposed,front of walk,angled rack,Multi-Bike Rack (Angled),"{u'type': u'Point', u'coordinates': (-79.4027517828, 43.6451624812)}"
5955,8353525,588,Bloor St W,588 Bloor St W,M6G 1K4,former TORONTO,Toronto,8353520,588,,,,458,University-Rosedale (1111),,,,,2568679,171,5,No,No,,concrete,Proposed,front of walk,angled rack adjacent tree box,Multi-Bike Rack (Angled),"{u'type': u'Point', u'coordinates': (-79.4128894478, 43.6651544341)}"
5956,14206202,607,Bloor St W,607 Bloor St W,M6G 1K5,former TORONTO,Toronto,8353520,607,,,,458,University-Rosedale (1111),,,,,2210315,172,16,No,No,,pavers,Approved,front of walk,in blvd,Multi-Bike Rack,"{u'type': u'Point', u'coordinates': (-79.413270842, 43.6645203908)}"
5957,7930055,66,Portland St,66 Portland St,M5V 2M6,former TORONTO,Toronto,14025448,66,,,,9780,Spadina-Fort York (1010),,,,,4144159,173,8,No,No,,pavers,Approved,front of walk,straight rack,Multi-Bike Rack,"{u'type': u'Point', u'coordinates': (-79.4001114748, 43.6439040274)}"
5958,7929360,80,York St,80 York St,,former TORONTO,Toronto,7930910,80,,,,4735,Spadina-Fort York (1010),,,,,2909786,174,5,Yes,No,,concrete,Approved,front of walk,angled rack,Multi-Bike Rack (Angled),"{u'type': u'Point', u'coordinates': (-79.383780993, 43.6477071158)}"
5959,8344830,92,King St E,92 King St E,M5C 2V8,former TORONTO,Toronto,14662429,92,,,,3779,Toronto Centre (1313),,,,,2403436,175,8,No,No,,pavers,Approved,front of walk,straight rack,Multi-Bike Rack,"{u'type': u'Point', u'coordinates': (-79.3749472258, 43.6500464292)}"
5960,7930799,124,Spadina Ave,124 Spadina Ave,,former TORONTO,Toronto,7930670,124,,,,4426,Spadina-Fort York (1010),,,,,1770550,176,28,No,Yes,No,,Installed,On Camden St,,Bike Corral,"{u'type': u'Point', u'coordinates': (-79.3963385317, 43.6471839085)}"
5961,13991178,213,Delaware Ave,213 Delaware Ave,M6H 2T4,former TORONTO,Toronto,20033433,213,,,,3283,Davenport (909),,,,,2874672,177,8,No,Yes,No,,Installed,,,Bike Corral,"{u'type': u'Point', u'coordinates': (-79.4278708182, 43.6620573991)}"
5962,765142,236,Augusta Ave,236 Augusta Ave,M5T 2L7,former TORONTO,Toronto,1144604,236,,,,2918,University-Rosedale (1111),,,,,2693536,178,24,No,Yes,No,,Installed,,,Bike Corral,"{u'type': u'Point', u'coordinates': (-79.4025948746, 43.6553455062)}"
5963,30035742,44,Lisgar St,44 Lisgar St,,former TORONTO,Toronto,14024655,44,,,,3859,Davenport (909),,,,,3277255,179,14,No,No,Yes,,Approved,,ON HOLD - park construction,Bike Shelter,"{u'type': u'Point', u'coordinates': (-79.4234411857, 43.6420865352)}"
5964,7577064,505,College St,505 College St,M6G 1A5,former TORONTO,Toronto,7577053,505,,,,9765,University-Rosedale (1111),,,,,2933285,180,14,No,Yes,No,,Proposed,,Not installed 2017,Bike Corral,"{u'type': u'Point', u'coordinates': (-79.4099072953, 43.6557277596)}"
5965,14600292,1,Adelaide St E,1 Adelaide St E,M5C 2V9,former TORONTO,Toronto,14036810,1,,,,2851,Toronto Centre (1313),,,,,3281500,181,5,No,No,,pavers,Approved,front of walk,,Multi-Bike Rack (Angled),"{u'type': u'Point', u'coordinates': (-79.3780482654, 43.6503108279)}"
5966,505931,10,Deauville Lane,10 Deauville Lane,M3C 3J2,NORTH YORK,Toronto,445087,10,,,,5344,Don Valley East (1616),,,,,1943625,182,16,No,No,,pavers,Approved,garden,Straight: call Avelino 416 688 921,Multi-Bike Rack,"{u'type': u'Point', u'coordinates': (-79.3316690924, 43.7175451152)}"
5967,9085483,108,Vine Ave,108 Vine Ave,M6P 1V7,former TORONTO,Toronto,9085469,108,,,,4606,Parkdale-High Park (404),,,,,3016040,183,8,No,No,,concrete,Approved,back of walk,,Multi-Bike Rack,"{u'type': u'Point', u'coordinates': (-79.4684519109, 43.6669274964)}"
5968,828220,145,King St W,145 King St W,M5H 1J8,former TORONTO,Toronto,1145855,145,,,,3780,Spadina-Fort York (1010),,,,,1622900,184,8,Yes,No,,concrete,Installed,front of walk,,Multi-Bike Rack,"{u'type': u'Point', u'coordinates': (-79.38392268, 43.6474556716)}"
5969,14204767,157,Adelaide St W,157 Adelaide St W,M5H 4E7,former TORONTO,Toronto,7929478,157,,,,2852,Spadina-Fort York (1010),,,,,2268248,185,8,No,No,,pavers,Approved,front of walk,,Multi-Bike Rack,"{u'type': u'Point', u'coordinates': (-79.3850607472, 43.6488103116)}"
5970,828080,187,King St E,187 King St E,M5A 1J5,former TORONTO,Toronto,1145266,187,,,,3779,Toronto Centre (1313),,,,,2173269,186,5,No,No,,pavers,Approved,front of walk,,Multi-Bike Rack (Angled),"{u'type': u'Point', u'coordinates': (-79.3704366169, 43.6506004624)}"
5971,7730263,2,Carlton St,2 Carlton St,M5B 1J3,former TORONTO,Toronto,14023521,2,,,,3116,Toronto Centre (1313),,,,,2630614,187,5,Yes,No,,concrete,Approved,front of walk,,Multi-Bike Rack (Angled),"{u'type': u'Point', u'coordinates': (-79.3828960214, 43.6615560195)}"
5972,30101226,25,Berwick Ave,25 Berwick Ave,,former TORONTO,Toronto,14024072,25,,,,3001,Toronto-St. Paul's (1212),,,,,4257862,188,8,No,No,,concrete,Installed,front of walk,adjacent previous rack,Multi-Bike Rack,"{u'type': u'Point', u'coordinates': (-79.3984481408, 43.7038022114)}"
5973,10180378,322,King St W,322 King St W,M5V 1J2,former TORONTO,Toronto,10180374,322,,,,3780,Spadina-Fort York (1010),,,,,2290025,189,5,No,No,,pavers,Approved,front of walk,,Multi-Bike Rack (Angled),"{u'type': u'Point', u'coordinates': (-79.3896803387, 43.646967234)}"
5974,8417253,329,Geary Ave,329 Geary Ave,M6H 2C6,former TORONTO,Toronto,14630189,329,,,,3490,Davenport (909),,,,,1777412,190,8,No,No,,asphalt,Approved,back of walk,,Multi-Bike Rack,"{u'type': u'Point', u'coordinates': (-79.442895411, 43.6685962542)}"
5975,8676866,33,Yonge St,33 Yonge St,M5E 1G4,former TORONTO,Toronto,8676863,33,,,,4733,Toronto Centre (1313),,,,,2689237,191,5,No,No,,pavers,Installed,front of walk,,Multi-Bike Rack (Angled),"{u'type': u'Point', u'coordinates': (-79.3765841655, 43.6475596554)}"
5976,10364794,416,Dawes Rd,416 Dawes Rd,M4B 2E8,EAST YORK,Toronto,10364790,416,,,,88,Beaches-East York (1919),,,,,2338623,192,8,No,No,,concrete,Installed,back of walk,S side of library,Multi-Bike Rack,"{u'type': u'Point', u'coordinates': (-79.2972298271, 43.7012022929)}"
5977,3739887,475,Yonge St,475 Yonge St,M4Y 1X7,former TORONTO,Toronto,3739890,475,,,,4733,Toronto Centre (1313),,,,,2963240,193,5,No,No,,concrete,Approved,front of walk,,Multi-Bike Rack (Angled),"{u'type': u'Point', u'coordinates': (-79.3829914989, 43.6625423313)}"
5978,772833,481,Bloor St W,481 Bloor St W,M5S 1X9,former TORONTO,Toronto,1142870,481,,,,458,University-Rosedale (1111),,,,,1755303,194,8,No,No,,asphalt,Approved,boulevard,straight adjacent to current one,Multi-Bike Rack,"{u'type': u'Point', u'coordinates': (-79.4071172093, 43.6657537894)}"
5979,10223681,499,King St W,499 King St W,M5V 1K4,former TORONTO,Toronto,10223667,499,,,,3780,Spadina-Fort York (1010),,,,,2755281,195,8,No,No,,concrete,Approved,front of walk,,Multi-Bike Rack,"{u'type': u'Point', u'coordinates': (-79.3975069873, 43.6446284116)}"
5980,2854061,525,University Ave,525 University Ave,M5G 2L3,former TORONTO,Toronto,2854059,525,,,,4583,University-Rosedale (1111),,,,,2167439,196,8,No,No,,pavers,Proposed,front of walk,,Multi-Bike Rack,"{u'type': u'Point', u'coordinates': (-79.3882199503, 43.6562495915)}"
5981,7792696,555,University Ave,555 University Ave,M5G 1X8,former TORONTO,Toronto,7792694,555,,,,4583,University-Rosedale (1111),,,,,1591293,197,8,No,No,,concrete,Proposed,front of walk,,Multi-Bike Rack,"{u'type': u'Point', u'coordinates': (-79.387434232, 43.6573635657)}"
5982,10180175,587,King St W,587 King St W,M5V 1M5,former TORONTO,Toronto,14674277,587,,,,3780,Spadina-Fort York (1010),,,,,2266439,198,8,No,No,,concrete,Approved,front of walk,,Multi-Bike Rack,"{u'type': u'Point', u'coordinates': (-79.4001853211, 43.6442360535)}"
5983,14206202,607,Bloor St W,607 Bloor St W,M6G 1K5,former TORONTO,Toronto,8353520,607,,,,458,University-Rosedale (1111),,,,,2210315,199,5,No,No,,concrete,Approved,front of walk,angled rack adjacent tree box,Multi-Bike Rack (Angled),"{u'type': u'Point', u'coordinates': (-79.413270842, 43.6645203908)}"
5984,14235368,661,University Ave,661 University Ave,M5G 1M1,former TORONTO,Toronto,7792702,661,,,,4583,University-Rosedale (1111),,,,,2841260,200,5,No,No,,pavers,Proposed,front of walk,,Multi-Bike Rack (Angled),"{u'type': u'Point', u'coordinates': (-79.3895475175, 43.6594471708)}"
5985,7792705,671,University Ave,671 University Ave,,former TORONTO,Toronto,7792702,671,,,,4583,University-Rosedale (1111),,,,,2981787,201,8,Yes,No,,concrete,Proposed,north side: TTC,,Multi-Bike Rack,"{u'type': u'Point', u'coordinates': (-79.3900712068, 43.659804561)}"
5986,7570903,962,Queen St W,962 Queen St W,M6J 1G8,former TORONTO,Toronto,7570894,962,,,,4238,Spadina-Fort York (1010),,,,,3038700,202,5,No,No,,concrete,Installed,front of walk,,Multi-Bike Rack (Angled),"{u'type': u'Point', u'coordinates': (-79.4172248355, 43.6447596251)}"
5987,20068494,1151,Queen St W,1151 Queen St W,M6J 1J4,former TORONTO,Toronto,7553178,1151,,,,4238,Davenport (909),,,,,2549364,203,14,No,Yes,No,,Installed,,,Bike Corral,"{u'type': u'Point', u'coordinates': (-79.4245496133, 43.6428738482)}"
5988,7792447,171,Dundas St W,171 Dundas St W,M5G 1C7,former TORONTO,Toronto,7792444,171,,,,558,Spadina-Fort York (1010),,,,,2522240,204,14,No,Yes,No,,Proposed,,,Bike Corral,"{u'type': u'Point', u'coordinates': (-79.3861942983, 43.6550653012)}"
5989,30012845,245,Wallace Ave,245 Wallace Ave,M6H 1V5,former TORONTO,Toronto,14013655,245,,,,4617,Davenport (909),,,,,3813655,205,14,No,Yes,No,,Proposed,,,Bike Corral,"{u'type': u'Point', u'coordinates': (-79.4465561733, 43.6617243418)}"
5990,7641780,251,Victoria St,251 Victoria St,M5B 1T8,former TORONTO,Toronto,7641770,251,,,,9790,Toronto Centre (1313),,,,,2062125,206,14,No,Yes,No,,Proposed,,,Bike Corral,"{u'type': u'Point', u'coordinates': (-79.3790506572, 43.6558045563)}"
5991,9942213,268,College St,268 College St,M5T 1S1,former TORONTO,Toronto,14022731,268,,,,9765,University-Rosedale (1111),,,,,3298560,207,14,No,Yes,No,,Proposed,,,Bike Corral,"{u'type': u'Point', u'coordinates': (-79.4005149554, 43.6581487248)}"
5992,10222743,325,King St W,325 King St W,M5V 1J5,former TORONTO,Toronto,10222742,325,,,,3780,Spadina-Fort York (1010),,,,,2364947,208,14,No,Yes,No,,Proposed,,,Bike Corral,"{u'type': u'Point', u'coordinates': (-79.391023464, 43.6461386323)}"
5993,7929471,360,Bay St,360 Bay St,M5H 2V6,former TORONTO,Toronto,7929469,360,,,,2962,Spadina-Fort York (1010),,,,,2024744,209,28,No,Yes,No,,Proposed,,,Bike Corral,"{u'type': u'Point', u'coordinates': (-79.3814390312, 43.6507248479)}"
5994,10223672,455,King St W,455 King St W,M5V 1K4,former TORONTO,Toronto,10223667,455,,,,3780,Spadina-Fort York (1010),,,,,2896822,210,14,No,Yes,No,,Proposed,,,Bike Corral,"{u'type': u'Point', u'coordinates': (-79.3960200183, 43.6449926684)}"
5995,828038,50,King St E,50 King St E,M5C 1E5,former TORONTO,Toronto,1145520,50,,,,3779,Toronto Centre (1313),,,,,3006364,211,14,No,Yes,No,,Proposed,,,Bike Corral,"{u'type': u'Point', u'coordinates': (-79.3762416345, 43.6497660862)}"
5996,30043514,58,Macaulay Ave,58 Macaulay Ave,M6P 3P6,former TORONTO,Toronto,30043036,58,,,,20848,Davenport (909),,,,,4318570,212,14,No,Yes,No,,Proposed,,,Bike Corral,"{u'type': u'Point', u'coordinates': (-79.4533262142, 43.6614331515)}"
5997,7846349,76,Kensington Ave,76 Kensington Ave,M5T 2K1,former TORONTO,Toronto,7846321,76,,,,9813,University-Rosedale (1111),,,,,2754723,213,14,No,Yes,No,,Installed,,,Bike Corral,"{u'type': u'Point', u'coordinates': (-79.4009240054, 43.6545455602)}"
5998,7792706,700,University Ave,700 University Ave,M5G 1X7,former TORONTO,Toronto,7792702,700,,,,4583,University-Rosedale (1111),,,,,2429229,214,14,No,Yes,,,Installed,,,Bike Corral,"{u'type': u'Point', u'coordinates': (-79.3911880758, 43.6590077232)}"
5999,879005,1,Wales Ave,1 Wales Ave,M5T 1J2,former TORONTO,Toronto,1144936,1,,,,4615,University-Rosedale (1111),,,,,2801910,215,14,No,Yes,,,Proposed,,,Bike Corral,"{u'type': u'Point', u'coordinates': (-79.4016541643, 43.6531393779)}"
6000,10223856,267,Richmond St W,267 Richmond St W,M5V 3M6,former TORONTO,Toronto,10223853,267,,,,4277,Spadina-Fort York (1010),,,,,4146385,216,14,No,Yes,,,Installed,,,Bike Corral,"{u'type': u'Point', u'coordinates': (-79.3916622947, 43.6487348732)}"
6001,8292978,300,Campbell Ave,300 Campbell Ave,M6P 3V6,former TORONTO,Toronto,14013754,300,,,,3109,Davenport (909),,,,,4144320,217,14,No,Yes,No,,Installed,In pay and display,,Bike Corral,"{u'type': u'Point', u'coordinates': (-79.4501491971, 43.6656792457)}"
6002,13971017,1175,Dundas St E,1175 Dundas St E,,former TORONTO,Toronto,7576983,1175,,,,3334,Toronto-Danforth (1414),,,,,2218326,218,5,No,No,,concrete,Installed,back of walk,Angled,Multi-Bike Rack (Angled),"{u'type': u'Point', u'coordinates': (-79.3417606, 43.6644593861)}"
6003,857005,1360,Queen St W,1360 Queen St W,M6K 1L7,former TORONTO,Toronto,1146832,1360,,,,4238,Parkdale-High Park (404),,,,,2589451,219,8,No,No,,concrete,Installed,back of walk,Stacker,Multi-Bike Rack,"{u'type': u'Point', u'coordinates': (-79.4328131013, 43.6416301079)}"
6004,9212134,166,Alberta Ave,166 Alberta Ave,,former TORONTO,Toronto,9212137,166,,,,404,Davenport (909),,,,,3187415,220,5,No,No,,concrete,Installed,end of Alberta,Angled,Multi-Bike Rack (Angled),"{u'type': u'Point', u'coordinates': (-79.4339879436, 43.6803158877)}"
6005,10906828,180,Elizabeth St,180 Elizabeth St,,former TORONTO,Toronto,10906830,180,,,,9766,University-Rosedale (1111),,,,,1576283,221,5,No,No,,concrete,Installed,front of walk,Angled,Multi-Bike Rack (Angled),"{u'type': u'Point', u'coordinates': (-79.3864697233, 43.6577754678)}"
6006,12464520,2246,Lake Shore Blvd W,2246 Lake Shore Blvd W,M8V 1A5,ETOBICOKE,Toronto,12464517,2246,,,,1962,Etobicoke-Lakeshore (303),,,,,2897074,222,8,No,No,,concrete,Installed,back of walk,Stacker,Multi-Bike Rack,"{u'type': u'Point', u'coordinates': (-79.4834708719, 43.6209978265)}"
6007,3259899,25,Overlea Blvd,25 Overlea Blvd,M4H 1P9,EAST YORK,Toronto,3259897,25,,,,278,Don Valley West (1515),,,,,3136158,223,8,No,No,,concrete pad,Installed,boulevard,Stacker,Multi-Bike Rack,"{u'type': u'Point', u'coordinates': (-79.3498166394, 43.7043506934)}"
6008,7796281,285,Dundas St W,285 Dundas St W,M5T 1G1,former TORONTO,Toronto,7796276,285,,,,558,Spadina-Fort York (1010),,,,,2196493,224,5,No,No,,concrete,Proposed,front of walk,Angled,Multi-Bike Rack (Angled),"{u'type': u'Point', u'coordinates': (-79.3909026634, 43.6542089842)}"
6009,7777919,3060,Yonge St,3060 Yonge St,,former TORONTO,Toronto,7762807,3060,,,,4733,Eglinton-Lawrence (808),,,,,2681082,225,8,Yes,No,,concrete,Proposed,front of walk,Stacker,Multi-Bike Rack,"{u'type': u'Point', u'coordinates': (-79.4025142659, 43.7251780536)}"
6010,7850057,3205,Yonge St,3205 Yonge St,M4N 2L3,former TORONTO,Toronto,7850028,3205,,,,4733,Don Valley West (1515),,,,,1694832,226,8,No,No,,concrete,Installed,back of walk,Stacker,Multi-Bike Rack,"{u'type': u'Point', u'coordinates': (-79.4027093519, 43.7280111262)}"
6011,8417594,384,Bloor St W,384 Bloor St W,M5S 1X2,former TORONTO,Toronto,8417592,384,,,,458,University-Rosedale (1111),,,,,2164649,227,8,No,No,,asphalt,Installed,,Stacker,Multi-Bike Rack,"{u'type': u'Point', u'coordinates': (-79.4065841126, 43.6663188369)}"
6012,8680823,4,Thorncliffe Park Dr,4 Thorncliffe Park Dr,M4H 1H1,EAST YORK,Toronto,8680820,4,,,,354,Don Valley West (1515),,,,,2817076,228,8,No,No,,concrete pad,Installed,boulevard,Stacker,Multi-Bike Rack,"{u'type': u'Point', u'coordinates': (-79.3509147456, 43.7061718642)}"
6013,7730103,415,Yonge St,415 Yonge St,M5B 2E7,former TORONTO,Toronto,7730098,415,,,,4733,Toronto Centre (1313),,,,,3836233,229,8,No,No,,concrete,Installed,front of walk,Stacker,Multi-Bike Rack,"{u'type': u'Point', u'coordinates': (-79.3819666068, 43.6597823659)}"
6014,6349941,438,University Ave,438 University Ave,M5G 2K8,former TORONTO,Toronto,6349934,438,,,,4583,Spadina-Fort York (1010),,,,,1712532,230,8,Yes,No,,concrete,Installed,front of walk,Stacker,Multi-Bike Rack,"{u'type': u'Point', u'coordinates': (-79.3887763977, 43.6543626946)}"
6015,30013532,5,Sheppard Ave E,5 Sheppard Ave E,M2N 0G4,NORTH YORK,Toronto,11835329,5,,,,6698,Willowdale (1818),,,,,1769682,231,8,No,No,,concrete,Installed,front of walk,Stacker,Multi-Bike Rack,"{u'type': u'Point', u'coordinates': (-79.4098022448, 43.7614006012)}"
6016,3841975,5100,Yonge St,5100 Yonge St,M2N 5V7,NORTH YORK,Toronto,3841982,5100,,,,4733,Willowdale (1818),,,,,3837871,232,64,No,No,,,Installed,,,Multi-Bike Rack,"{u'type': u'Point', u'coordinates': (-79.414888745, 43.7672678892)}"
6017,785468,703,College St,703 College St,M6G 1C2,former TORONTO,Toronto,1144625,703,,,,9765,University-Rosedale (1111),,,,,1591368,233,8,No,No,,asphalt,Proposed,boulevard,Stacker,Multi-Bike Rack,"{u'type': u'Point', u'coordinates': (-79.4179728257, 43.6550690097)}"
6018,14121163,750,Bay St,750 Bay St,M5G 1N6,former TORONTO,Toronto,7792579,750,,,,2962,University-Rosedale (1111),,,,,2104056,234,8,No,No,,pavers,Installed,front of walk,Stacker,Multi-Bike Rack,"{u'type': u'Point', u'coordinates': (-79.3859229381, 43.6596578703)}"
6019,8695865,1210,Yonge St,1210 Yonge St,M4T 1W1,former TORONTO,Toronto,8681095,1210,,,,4733,Toronto-St. Paul's (1212),,,,,2973936,235,10,Yes,No,,concrete,Installed,front of walk,,Multi-Bike Rack,"{u'type': u'Point', u'coordinates': (-79.3917379554, 43.6817458182)}"
6020,11272589,2190,Yonge St,2190 Yonge St,M4S 2B8,former TORONTO,Toronto,14230407,2190,,,,4733,Toronto-St. Paul's (1212),,,,,1657924,236,16,Yes,No,,concrete,Installed,front of walk,,Multi-Bike Rack,"{u'type': u'Point', u'coordinates': (-79.398354474, 43.7053382317)}"
6021,30114495,2391,Lake Shore Blvd W,2391 Lake Shore Blvd W,M8V 1B7,ETOBICOKE,Toronto,913792,2391,,,,1962,Etobicoke-Lakeshore (303),,,,,4332502,237,8,No,No,,paver,Installed,adjacent to planter,,Multi-Bike Rack,"{u'type': u'Point', u'coordinates': (-79.4883603536, 43.6150886595)}"
6022,7568709,2404-2406,Lake Shore Blvd W,2404-2406 Lake Shore Blvd W,M8V 1C4,ETOBICOKE,Toronto,7568677,2404,,2406.0,,1962,Etobicoke-Lakeshore (303),,,,,2151245,238,8,No,No,,paver,Installed,adjacent to planter,,Multi-Bike Rack,"{u'type': u'Point', u'coordinates': (-79.4890641907, 43.6148772137)}"
6023,30032007,390,Cherry St,390 Cherry St,M5A 0E2,former TORONTO,Toronto,30029398,390,,,,3154,Spadina-Fort York (1010),,,,,3233254,239,32,No,No,,brick paver,Approved,front of walk,,Multi-Bike Rack,"{u'type': u'Point', u'coordinates': (-79.3572672377, 43.6505718789)}"
6024,30114600,4,Boulton Ave,4 Boulton Ave,M4M 2J3,former TORONTO,Toronto,20043108,4,,,,3039,Toronto-Danforth (1414),,,,,4333574,240,6,No,No,,concrete,Approved,back of walk,,Multi-Bike Rack (Angled),"{u'type': u'Point', u'coordinates': (-79.3469846875, 43.6598301324)}"
6025,10335148,538,Lansdowne Ave,538 Lansdowne Ave,,former TORONTO,Toronto,14012788,538,,,,3814,Davenport (909),,,,,1637657,241,32,Yes,No,,concrete,Approved,back of walk,,Multi-Bike Rack,"{u'type': u'Point', u'coordinates': (-79.4432687409, 43.6589115384)}"
